paper_id,title,summary,authors,categories,primary_category,published,updated,abs_url,pdf_url,comment,authors_joined,categories_joined,summary_chars,age_days,text_for_embedding
10.26634/javr.4.1.1115,AI-Enabled Force and Torque Control for Human Robot Interaction,"Safe and intuitive human robot interaction (HRI) requires precise regulation of contact forces and torques while adapting to dynamic and uncertain human behavior. Traditional impedance and admittance control strategies rely on fixed parameters and accurate system modeling, which often limit their performance in unstructured or collaborative environments. This paper presents an AI-enabled force and torque control framework that integrates machine learning techniques with conventional control methods to enhance adaptability, compliance, and safety in physical human robot interaction. The proposed approach employs deep neural networks and reinforcement learning to learn human intent and interaction dynamics directly from multi-modal sensor data, including force torque sensors, joint encoders, and inertial measurements. By continuously adjusting control gains in real time, the system achieves stable interaction while minimizing excessive contact forces and undesired torques. Experimental evaluations conducted on a collaborative robotic platform demonstrate significant improvements over classical control schemes, including reduced interaction force peaks, smoother torque profiles, and improved task execution efficiency during cooperative manipulation tasks. The results indicate that AI-driven force and torque control can substantially improve robustness, adaptability, and user comfort in human robot collaboration, making it a promising solution for applications in rehabilitation robotics, assistive devices, and industrial cobots.",['Vishal Khanna'],['journal-article'],journal-article,2028-06-15,2026-07-21,https://doi.org/10.26634/javr.4.1.1115,,i-manager's Journal on Augmented & Virtual Reality,Vishal Khanna,journal-article,1550,0,"Title: AI-Enabled Force and Torque Control for Human Robot Interaction
Authors: Vishal Khanna
Categories: journal-article
Published: 2028-06-15
Summary: Safe and intuitive human robot interaction (HRI) requires precise regulation of contact forces and torques while adapting to dynamic and uncertain human behavior. Traditional impedance and admittance control strategies rely on fixed parameters and accurate system modeling, which often limit their performance in unstructured or collaborative environments. This paper presents an AI-enabled force and torque control framework that integrates machine learning techniques with conventional control methods to enhance adaptability, compliance, and safety in physical human robot interaction. The proposed approach employs deep neural networks and reinforcement learning to learn human intent and interaction dynamics directly from multi-modal sensor data, including force torque sensors, joint encoders, and inertial measurements. By continuously adjusting control gains in real time, the system achieves stable interaction while minimizing excessive contact forces and undesired torques. Experimental evaluations conducted on a collaborative robotic platform demonstrate significant improvements over classical control schemes, including reduced interaction force peaks, smoother torque profiles, and improved task execution efficiency during cooperative manipulation tasks. The results indicate that AI-driven force and torque control can substantially improve robustness, adaptability, and user comfort in human robot collaboration, making it a promising solution for applications in rehabilitation robotics, assistive devices, and industrial cobots."
10.26634/javr.4.1.1116,Edge AI in Wearable Devices,"Wearable technologies have progressed from basic fitness trackers and digital watches into smart systems that can check vital signs, alert for anomalies, and transmit personalized health data. Existing cloud-native structures used by wearable technology face drawbacks, including delays in communication, reliance on reliable internet connections, privacy concerns, and toomuchenergyusage.EdgeArtificialIntelligence(EdgeAI),the layer of AI processing where the computational and intelligent capabilities are at the data source itself, offers a compelling alternative. If a sensor provides its data to an Edge AI-enabled wearabledevice,thedevicecanuseitsonboardcomputingtohelp integratethedataandascribemeaningaswellasprovideinsights. Thisuseof processingdatawithinthe wearabledevice,allowsfor actionable insights and decision making with little latency, and relieves the concern of sensitive user information traversing the internet.Recentadvancementsinlow-powerhardwaresuchasmicrocontrollersandAIaccelerators,inconjunctionwithoptimized machinelearningframeworkslikeTensorFlowLiteandTinyML, has opened the door to power highly efficient delivery of AI algorithms onsmaller-wearable devices.This allowsforagreater capabilityinmultipleareas,suchashealthcaremonitoring,fitness tracking, stress detection, and activity recognition. Furthermore, Edge AI enhances battery life, conserves bandwidth, and enables constant productivity even when not connected. The Edge AI movement is at the forefront of the next generation of wearables, allowing for a smooth integration of intelligence, mobility, and human design in response to the growing demands for smarter, moreprivate,andmoreefficienttechnology.",['Prof.Anu Jyothy'],['journal-article'],journal-article,2028-06-15,2026-07-21,https://doi.org/10.26634/javr.4.1.1116,,i-manager's Journal on Augmented & Virtual Reality,Prof.Anu Jyothy,journal-article,1695,0,"Title: Edge AI in Wearable Devices
Authors: Prof.Anu Jyothy
Categories: journal-article
Published: 2028-06-15
Summary: Wearable technologies have progressed from basic fitness trackers and digital watches into smart systems that can check vital signs, alert for anomalies, and transmit personalized health data. Existing cloud-native structures used by wearable technology face drawbacks, including delays in communication, reliance on reliable internet connections, privacy concerns, and toomuchenergyusage.EdgeArtificialIntelligence(EdgeAI),the layer of AI processing where the computational and intelligent capabilities are at the data source itself, offers a compelling alternative. If a sensor provides its data to an Edge AI-enabled wearabledevice,thedevicecanuseitsonboardcomputingtohelp integratethedataandascribemeaningaswellasprovideinsights. Thisuseof processingdatawithinthe wearabledevice,allowsfor actionable insights and decision making with little latency, and relieves the concern of sensitive user information traversing the internet.Recentadvancementsinlow-powerhardwaresuchasmicrocontrollersandAIaccelerators,inconjunctionwithoptimized machinelearningframeworkslikeTensorFlowLiteandTinyML, has opened the door to power highly efficient delivery of AI algorithms onsmaller-wearable devices.This allowsforagreater capabilityinmultipleareas,suchashealthcaremonitoring,fitness tracking, stress detection, and activity recognition. Furthermore, Edge AI enhances battery life, conserves bandwidth, and enables constant productivity even when not connected. The Edge AI movement is at the forefront of the next generation of wearables, allowing for a smooth integration of intelligence, mobility, and human design in response to the growing demands for smarter, moreprivate,andmoreefficienttechnology."
10.26634/javr.4.1.11309,ICARECS-2026 - VR NEURAL CLASSROOM,"Abstract: The combination of artificial intelligence, natural language processing, and virtual reality is reshaping the educational environment by providing immersive and personalized learning experiences. Traditional methods of instruction usually rely on static, unchanging content and lack personalization and interaction. This study introduces the VR Neural Classroom, a new instructional tool that combines multiple technologies to create dynamic, interactive, and personalized learning environments. At the heart of this platform is an AI-driven virtual instructor that creates applicable 3D illustrations in a VR terrain by exercising natural language processing to comprehend pupil inquiries. Students can ask questions, investigate complex concepts, actively engage with the material, and receive prompt written and visual feedback. The technology personalizes learning routes for each learner by modifying course materials based on user engagement. The VR Neural Classroom promotes student engagement by motivating them to actively research rather than simply consume material, which enhances comprehension and retention. This document discusses the system's design and demonstrates the use of AI and NLP in Unity-based virtual reality scenarios. It also includes preliminary results from user research, which indicate better learning outcomes than conventional methods. The study ends by highlighting the platform's significant potential for widespread distant learning,lifelong learning, and the continuous adaptation of material across academic fields.",['Dr.I karthiga'],['journal-article'],journal-article,2028-06-15,2026-07-24,https://doi.org/10.26634/javr.4.1.11309,,i-manager's Journal on Augmented & Virtual Reality,Dr.I karthiga,journal-article,1565,0,"Title: ICARECS-2026 - VR NEURAL CLASSROOM
Authors: Dr.I karthiga
Categories: journal-article
Published: 2028-06-15
Summary: Abstract: The combination of artificial intelligence, natural language processing, and virtual reality is reshaping the educational environment by providing immersive and personalized learning experiences. Traditional methods of instruction usually rely on static, unchanging content and lack personalization and interaction. This study introduces the VR Neural Classroom, a new instructional tool that combines multiple technologies to create dynamic, interactive, and personalized learning environments. At the heart of this platform is an AI-driven virtual instructor that creates applicable 3D illustrations in a VR terrain by exercising natural language processing to comprehend pupil inquiries. Students can ask questions, investigate complex concepts, actively engage with the material, and receive prompt written and visual feedback. The technology personalizes learning routes for each learner by modifying course materials based on user engagement. The VR Neural Classroom promotes student engagement by motivating them to actively research rather than simply consume material, which enhances comprehension and retention. This document discusses the system's design and demonstrates the use of AI and NLP in Unity-based virtual reality scenarios. It also includes preliminary results from user research, which indicate better learning outcomes than conventional methods. The study ends by highlighting the platform's significant potential for widespread distant learning,lifelong learning, and the continuous adaptation of material across academic fields."
10.26634/javr.4.1.1273,The Rise of Augmented Reality in Teacher Education: a Bibliometric Analysis of Research,"In the digital era, immersive learning media is increasingly popular in the educational sphere. The use of this media has fuelled research on digital learning, including the use of Augmented reality, which facilitates learning to be more real and immersive. This study aims to present data on the significance of bibliometric trends in Augmented Reality as immersive media in teacher education. The research method uses bibliometric analysis. Data analysis was carried out with the help of Biblioshiny and VOSviewer applications, with a total of 344 literatures processed from the Scopus database from 2007 to 2025.Three important insights into Augmented Reality (AR) research in teacher education are revealed by the bibliometric study. First, since 2007, the field has grown exponentially, with the United States, China, and Spain emerging as the top contributors. At the same time, nations like Saudi Arabia and Turkey are showing increasing engagement, demonstrating the worldwide relevance of AR. Second, there is a significant lack of research on teacher training and professional development, despite the fact that student-centered applications are extensively emphasized in the literature (as shown by high-frequency phrases like ""students"" and ""teaching""). This suggests that this is an area that requires more investigation. Third, interdisciplinary tendencies are apparent, with strong ties between AR and game-based learning, STEM education, and language acquisition. However, co-occurrence analysis shows that there are still few direct connections to teacher education practices. Ultimately, even though AR has the potential to revolutionize education, more disciplinary applications and teacher-focused frameworks should be given priority in future studies to properly realize its effects in learning environments.",['Swaraj Naik'],['journal-article'],journal-article,2028-06-15,2026-07-21,https://doi.org/10.26634/javr.4.1.1273,,i-manager's Journal on Augmented & Virtual Reality,Swaraj Naik,journal-article,1829,0,"Title: The Rise of Augmented Reality in Teacher Education: a Bibliometric Analysis of Research
Authors: Swaraj Naik
Categories: journal-article
Published: 2028-06-15
Summary: In the digital era, immersive learning media is increasingly popular in the educational sphere. The use of this media has fuelled research on digital learning, including the use of Augmented reality, which facilitates learning to be more real and immersive. This study aims to present data on the significance of bibliometric trends in Augmented Reality as immersive media in teacher education. The research method uses bibliometric analysis. Data analysis was carried out with the help of Biblioshiny and VOSviewer applications, with a total of 344 literatures processed from the Scopus database from 2007 to 2025.Three important insights into Augmented Reality (AR) research in teacher education are revealed by the bibliometric study. First, since 2007, the field has grown exponentially, with the United States, China, and Spain emerging as the top contributors. At the same time, nations like Saudi Arabia and Turkey are showing increasing engagement, demonstrating the worldwide relevance of AR. Second, there is a significant lack of research on teacher training and professional development, despite the fact that student-centered applications are extensively emphasized in the literature (as shown by high-frequency phrases like ""students"" and ""teaching""). This suggests that this is an area that requires more investigation. Third, interdisciplinary tendencies are apparent, with strong ties between AR and game-based learning, STEM education, and language acquisition. However, co-occurrence analysis shows that there are still few direct connections to teacher education practices. Ultimately, even though AR has the potential to revolutionize education, more disciplinary applications and teacher-focused frameworks should be given priority in future studies to properly realize its effects in learning environments."
10.26634/javr.4.1.1477,Mind Reader Robot: an Arduino-Based Game,"This paper presents the design and implementation of the Mind Reader Robot, an interactive Arduino-based game developed to make binary number concepts fun and engaging. The system uses four sliding switches as binary input bits, mapping combinations of 0s and 1s (values 1–15) to a predefined list of 15 food items displayed on an SSD1306 OLED screen via I2C, with a buzzer for audio confirmation. The project demonstrates core embedded systems concepts—binary arithmetic, digital I/O, I2C protocol, and debounce handling—within a hands-on game format. The system was tested across all 15 valid switch combinations with nearly perfect accuracy and sub-200 ms response latency, and has been demonstrated to undergraduate engineering and polytechnic students with very positive response. The project was also exhibited at a technical exhibition with a human values variant, where it was awarded second prize.",['sritmkiran'],['journal-article'],journal-article,2028-06-15,2026-07-21,https://doi.org/10.26634/javr.4.1.1477,,i-manager's Journal on Augmented & Virtual Reality,sritmkiran,journal-article,906,0,"Title: Mind Reader Robot: an Arduino-Based Game
Authors: sritmkiran
Categories: journal-article
Published: 2028-06-15
Summary: This paper presents the design and implementation of the Mind Reader Robot, an interactive Arduino-based game developed to make binary number concepts fun and engaging. The system uses four sliding switches as binary input bits, mapping combinations of 0s and 1s (values 1–15) to a predefined list of 15 food items displayed on an SSD1306 OLED screen via I2C, with a buzzer for audio confirmation. The project demonstrates core embedded systems concepts—binary arithmetic, digital I/O, I2C protocol, and debounce handling—within a hands-on game format. The system was tested across all 15 valid switch combinations with nearly perfect accuracy and sub-200 ms response latency, and has been demonstrated to undergraduate engineering and polytechnic students with very positive response. The project was also exhibited at a technical exhibition with a human values variant, where it was awarded second prize."
10.22158/eltls.v8n3p21,A Multimodal Discourse Analysis of Interpersonal Meaning in New-Type Farmers' Agricultural Promotion Short Videos on Douyin,"This study selects 15 short videos published over the past year by new-type farmers (xin nong ren) on Douyin as research corpus. It adopts systemic functional grammar’s interpersonal meaning theory, visual grammar’s interactive meaning theory, and intersemiotic complementarity theory as analytical framework, using AntConc and ELAN multimodal video analysis software as research tools. This study employs both quantitative and qualitative methods to examine how agricultural promotion short videos construct interpersonal meaning through multimodal resources. The analysis focuses on three aspects, including verbal mode, visual mode, and their synergistic complementarity. According to the findings, in the verbal mode, declarative sentences account for the highest proportion in the mood system. Median-value and low-value modal expressions reach 92.8% in the modality system, which helps present information in a relative neutral and tentative manner and contributes to shaping a credible image of new-type farmers and maintaining audience trust. In the visual mode, demand image, medium close-up and medium shots, horizontal angle, and high-modality color expressions are commonly used. These visual choices effectively reduce the social distance between creators and audiences, support a more equal interpersonal relationship and encourage emotional engagement. In terms of intersemiotic complementarity between verbal and visual modes, attitudinal convergence, attitudinal divergence, and appellative reinforcement can all be observed. Among them, attitudinal convergence occurs most often, where verbal and visual elements work mutually to reinforce interpersonal meaning, improve coherence and optimize the audience’s viewing experience. This study enriches empirical research on multimodal discourse analysis in the context of agricultural promotion short videos, and provides implications for the interactive design and content production of such videos.",['Yixin Chen'],['journal-article'],journal-article,2027-05-07,2026-05-07,https://doi.org/10.22158/eltls.v8n3p21,https://www.scholink.org/ojs/index.php/eltls/article/viewFile/57573/13483,English Language Teaching and Linguistics Studies,Yixin Chen,journal-article,1965,0,"Title: A Multimodal Discourse Analysis of Interpersonal Meaning in New-Type Farmers' Agricultural Promotion Short Videos on Douyin
Authors: Yixin Chen
Categories: journal-article
Published: 2027-05-07
Summary: This study selects 15 short videos published over the past year by new-type farmers (xin nong ren) on Douyin as research corpus. It adopts systemic functional grammar’s interpersonal meaning theory, visual grammar’s interactive meaning theory, and intersemiotic complementarity theory as analytical framework, using AntConc and ELAN multimodal video analysis software as research tools. This study employs both quantitative and qualitative methods to examine how agricultural promotion short videos construct interpersonal meaning through multimodal resources. The analysis focuses on three aspects, including verbal mode, visual mode, and their synergistic complementarity. According to the findings, in the verbal mode, declarative sentences account for the highest proportion in the mood system. Median-value and low-value modal expressions reach 92.8% in the modality system, which helps present information in a relative neutral and tentative manner and contributes to shaping a credible image of new-type farmers and maintaining audience trust. In the visual mode, demand image, medium close-up and medium shots, horizontal angle, and high-modality color expressions are commonly used. These visual choices effectively reduce the social distance between creators and audiences, support a more equal interpersonal relationship and encourage emotional engagement. In terms of intersemiotic complementarity between verbal and visual modes, attitudinal convergence, attitudinal divergence, and appellative reinforcement can all be observed. Among them, attitudinal convergence occurs most often, where verbal and visual elements work mutually to reinforce interpersonal meaning, improve coherence and optimize the audience’s viewing experience. This study enriches empirical research on multimodal discourse analysis in the context of agricultural promotion short videos, and provides implications for the interactive design and content production of such videos."
10.26877/jipmat.v11i1.2279,PENGARUH MODEL PEMBELAJARAN PROBLEM BASED LEARNING BERBANTUAN MEDIA GASINGKAR TERHADAP PEMAHAMAN KONSEP GARIS SINGGUNG LINGKARAN SISWA KELAS XI SMA PGRI 2 KAYEN,"Pemahaman siswa terhadap ide-ide dasar adalah hasil yang diharapkan dari penyelidikan ini tentang kemanjuran paradigma instruksional Pembelajaran Berbasis Masalah (PBL) dengan penggunaan alat pedagogis. Pernyataan masalah riset ini adalah: 1. Apakah pendekatan pembelajaran Pembelajaran Berbasis Masalah berbantuan Media Gasingkar memengaruhi pemahaman siswa tentang gagasan garis singgung pada lingkaran? 2. Bagaimana model Pembelajaran Berbasis Masalah berbantuan media Gasingkar dibandingkan dengan paradigma pembelajaran Konvensional dalam hal pemahaman konsep? Tujuan penelitian: Berdasarkan tantangan yang diidentifikasi dan formulasinya, berikut ini adalah tujuan penelitian yang diantisipasi: 1. Menyadari bahwa pengertian garis singgung lingkaran dapat dipengaruhi oleh pendekatan pembelajaran Pembelajaran Berbasis Masalah yang dibantu oleh media Gasingkar. 2. Menyadari bahwa, dibandingkan dengan model pembelajaran Konvensional, model Pembelajaran Berbasis Masalah, dengan penggunaan media Gasingkar, meningkatkan pemahaman konseptual. Riset ini memakai pendekatan kuasi-eksperimental yang mencakup kelompok kontrol yang tidak setara. Jumlah siswa maksimum yang diikutsertakan dalam sampel riset ini adalah 32 dari kelas XI–F7 dan 31 dari kelas XI–F9. Temuan penelitian dikumpulkan. Dampak sejumlah 12,8% ditemukan oleh data penelitian pada pendekatan pembelajaran Problem Based Learning dengan penggunaan alat peraga. Temuan uji-T satu sisi kanan mendukung hasil ini, yaitu penerimaan dan penolakannya. Hal ini memperlihatkan bahwa metodologi Problem Based Learning, dengan bantuan bahan ajar, memiliki pengaruh terhadap pemahaman konseptual siswa kelas XI SMA PGRI 2 Kayen.","['Cikal Wulandari Kristi', 'Widya Kusumaningsih', 'Rizky Esti Utami']",['journal-article'],journal-article,2027-04-27,2026-05-03,https://doi.org/10.26877/jipmat.v11i1.2279,https://journal2.upgris.ac.id/index.php/jipmat/article/download/2279/1493,JIPMat,"Cikal Wulandari Kristi, Widya Kusumaningsih, Rizky Esti Utami",journal-article,1687,0,"Title: PENGARUH MODEL PEMBELAJARAN PROBLEM BASED LEARNING BERBANTUAN MEDIA GASINGKAR TERHADAP PEMAHAMAN KONSEP GARIS SINGGUNG LINGKARAN SISWA KELAS XI SMA PGRI 2 KAYEN
Authors: Cikal Wulandari Kristi, Widya Kusumaningsih, Rizky Esti Utami
Categories: journal-article
Published: 2027-04-27
Summary: Pemahaman siswa terhadap ide-ide dasar adalah hasil yang diharapkan dari penyelidikan ini tentang kemanjuran paradigma instruksional Pembelajaran Berbasis Masalah (PBL) dengan penggunaan alat pedagogis. Pernyataan masalah riset ini adalah: 1. Apakah pendekatan pembelajaran Pembelajaran Berbasis Masalah berbantuan Media Gasingkar memengaruhi pemahaman siswa tentang gagasan garis singgung pada lingkaran? 2. Bagaimana model Pembelajaran Berbasis Masalah berbantuan media Gasingkar dibandingkan dengan paradigma pembelajaran Konvensional dalam hal pemahaman konsep? Tujuan penelitian: Berdasarkan tantangan yang diidentifikasi dan formulasinya, berikut ini adalah tujuan penelitian yang diantisipasi: 1. Menyadari bahwa pengertian garis singgung lingkaran dapat dipengaruhi oleh pendekatan pembelajaran Pembelajaran Berbasis Masalah yang dibantu oleh media Gasingkar. 2. Menyadari bahwa, dibandingkan dengan model pembelajaran Konvensional, model Pembelajaran Berbasis Masalah, dengan penggunaan media Gasingkar, meningkatkan pemahaman konseptual. Riset ini memakai pendekatan kuasi-eksperimental yang mencakup kelompok kontrol yang tidak setara. Jumlah siswa maksimum yang diikutsertakan dalam sampel riset ini adalah 32 dari kelas XI–F7 dan 31 dari kelas XI–F9. Temuan penelitian dikumpulkan. Dampak sejumlah 12,8% ditemukan oleh data penelitian pada pendekatan pembelajaran Problem Based Learning dengan penggunaan alat peraga. Temuan uji-T satu sisi kanan mendukung hasil ini, yaitu penerimaan dan penolakannya. Hal ini memperlihatkan bahwa metodologi Problem Based Learning, dengan bantuan bahan ajar, memiliki pengaruh terhadap pemahaman konseptual siswa kelas XI SMA PGRI 2 Kayen."
10.11116/9789461667755,The Kalashnikov Generation,"Written in a vivid, direct style, The Kalashnikov Generation takes us into the heart of the Democratic Republic of the Congo, amid the hills and forests of Kivu and Ituri, where thousands of young people and children fight with Kalashnikovs in the many militias and armies that have fueled a war of staggering complexity and brutality for three decades. Exceptionally rich in strategic minerals, the Congo has long been the focus of regional and international ambitions. Rwanda continues to stoke rebellions in the east, while the government in Kinshasa and the national army struggle to assert sovereignty. This book enters the lives of young combatants to explore their world, their motivations, and the meaning of their experience. Both actors and victims, they stand at the center of a conflict that has claimed millions of lives.",['Luca Jourdan'],['monograph'],monograph,2027-03-01,2026-07-22,https://doi.org/10.11116/9789461667755,,Leuven University Press,Luca Jourdan,monograph,834,0,"Title: The Kalashnikov Generation
Authors: Luca Jourdan
Categories: monograph
Published: 2027-03-01
Summary: Written in a vivid, direct style, The Kalashnikov Generation takes us into the heart of the Democratic Republic of the Congo, amid the hills and forests of Kivu and Ituri, where thousands of young people and children fight with Kalashnikovs in the many militias and armies that have fueled a war of staggering complexity and brutality for three decades. Exceptionally rich in strategic minerals, the Congo has long been the focus of regional and international ambitions. Rwanda continues to stoke rebellions in the east, while the government in Kinshasa and the national army struggle to assert sovereignty. This book enters the lives of young combatants to explore their world, their motivations, and the meaning of their experience. Both actors and victims, they stand at the center of a conflict that has claimed millions of lives."
10.32738/jeppm-2025-345,Knowledge-Enhanced Semantic Reasoning Model for Implicit Sentiment Recognition,"Existing methods for implicit sentiment identification in think tank documents face limitations in deep semantic understanding, including insufficient integration of domain knowledge and difficulty in modeling sentiment evolution in long texts. This study proposes an implicit sentiment recognition model that combines knowledge enhancement with semantic reasoning. The model builds a foundation for deep semantic understanding through a bidirectional encoder and enhances the modeling of implicit sentiment dependencies in text by combining the graph convolutional network’s graph-structured reasoning mechanism. In metric tests, the model achieves 95.92% accuracy in implicit sentiment classification with 97.58% domain adaptability. The model also demonstrates strong performance in long-document sentiment modeling (96.87% accuracy) and cross-domain consistency (0.971). Based on the experimental evaluation, the model developed in this paper achieves superior performance compared with existing approaches in testing, while alleviating the limitations of implicit sentiment extraction and biases in domain-specific term comprehension observed in current methods, thereby offering valuable support for in-depth semantic analysis and decision-making in think tank documents.","['Yuhui Sun', 'Feng Tian']",['journal-article'],journal-article,2027-01-01,2026-07-12,https://doi.org/10.32738/jeppm-2025-345,,"Journal of Engineering, Project, and Production Management","Yuhui Sun, Feng Tian",journal-article,1277,0,"Title: Knowledge-Enhanced Semantic Reasoning Model for Implicit Sentiment Recognition
Authors: Yuhui Sun, Feng Tian
Categories: journal-article
Published: 2027-01-01
Summary: Existing methods for implicit sentiment identification in think tank documents face limitations in deep semantic understanding, including insufficient integration of domain knowledge and difficulty in modeling sentiment evolution in long texts. This study proposes an implicit sentiment recognition model that combines knowledge enhancement with semantic reasoning. The model builds a foundation for deep semantic understanding through a bidirectional encoder and enhances the modeling of implicit sentiment dependencies in text by combining the graph convolutional network’s graph-structured reasoning mechanism. In metric tests, the model achieves 95.92% accuracy in implicit sentiment classification with 97.58% domain adaptability. The model also demonstrates strong performance in long-document sentiment modeling (96.87% accuracy) and cross-domain consistency (0.971). Based on the experimental evaluation, the model developed in this paper achieves superior performance compared with existing approaches in testing, while alleviating the limitations of implicit sentiment extraction and biases in domain-specific term comprehension observed in current methods, thereby offering valuable support for in-depth semantic analysis and decision-making in think tank documents."
10.5267/j.ijdns.2026.24,A scientometric study of retrieval-augmented generation research: Mapping the intellectual landscape of a transformative AI paradigm,"This scientometric study provides a comprehensive analysis of the intellectual landscape surrounding Retrieval-Augmented Generation (RAG), a transformative paradigm that addresses fundamental limitations of Large Language Models by grounding generative outputs in external knowledge sources. Analyzing 200 highly cited Scopus-indexed publications from 2006 to 2026, this study employs bibliometric techniques including citation analysis, co-authorship network analysis, keyword co-occurrence analysis, and thematic evolution mapping to characterize the field's development trajectory, intellectual structure, and emerging frontiers. The findings reveal exponential growth in RAG research since 2020, with a 215.7% compound annual growth rate between 2020 and 2023, accelerating dramatically after 2024. The United States and China emerge as dominant contributors, supported by a collaborative “Triple Helix” network linking academia, industry, and government. Thematic analysis identifies six major research clusters: foundational RAG architectures, biomedical and healthcare applications, educational applications, legal and compliance applications, industrial and manufacturing applications, and multimodal RAG systems. Evaluation practices reveal fragmentation with over 40 distinct metrics employed across studies. Key challenges identified include hallucination mitigation, computational efficiency, retrieval quality optimization, and privacy preservation. Emerging directions include agentic RAG systems, graph-based retrieval, iterative retrieval-generation synergy, and personalized RAG applications. This study contributes a data-driven roadmap for navigating this rapidly evolving field and identifies priority areas for future investigation.","['Mahdi Shirdeli', 'Ali Shirdeli', 'Shahpour Alirezaee']",['journal-article'],journal-article,2027-01-01,2026-07-28,https://doi.org/10.5267/j.ijdns.2026.24,,Scientometrica,"Mahdi Shirdeli, Ali Shirdeli, Shahpour Alirezaee",journal-article,1753,0,"Title: A scientometric study of retrieval-augmented generation research: Mapping the intellectual landscape of a transformative AI paradigm
Authors: Mahdi Shirdeli, Ali Shirdeli, Shahpour Alirezaee
Categories: journal-article
Published: 2027-01-01
Summary: This scientometric study provides a comprehensive analysis of the intellectual landscape surrounding Retrieval-Augmented Generation (RAG), a transformative paradigm that addresses fundamental limitations of Large Language Models by grounding generative outputs in external knowledge sources. Analyzing 200 highly cited Scopus-indexed publications from 2006 to 2026, this study employs bibliometric techniques including citation analysis, co-authorship network analysis, keyword co-occurrence analysis, and thematic evolution mapping to characterize the field's development trajectory, intellectual structure, and emerging frontiers. The findings reveal exponential growth in RAG research since 2020, with a 215.7% compound annual growth rate between 2020 and 2023, accelerating dramatically after 2024. The United States and China emerge as dominant contributors, supported by a collaborative “Triple Helix” network linking academia, industry, and government. Thematic analysis identifies six major research clusters: foundational RAG architectures, biomedical and healthcare applications, educational applications, legal and compliance applications, industrial and manufacturing applications, and multimodal RAG systems. Evaluation practices reveal fragmentation with over 40 distinct metrics employed across studies. Key challenges identified include hallucination mitigation, computational efficiency, retrieval quality optimization, and privacy preservation. Emerging directions include agentic RAG systems, graph-based retrieval, iterative retrieval-generation synergy, and personalized RAG applications. This study contributes a data-driven roadmap for navigating this rapidly evolving field and identifies priority areas for future investigation."
10.61838/jafci.485,Design and Evaluation of a Hybrid Natural Language Processing and Machine Learning Model for Economic News Sentiment Analysis to Predict Price Fluctuations in the Iran Mercantile Exchange,"This study aimed to design and evaluate a hybrid Persian natural language processing and machine learning model for extracting economic news sentiment and predicting steel price fluctuations in the Iran Mercantile Exchange. This applied-developmental study employed a descriptive-analytical design based on secondary textual and time-series data. The dataset included 45,836 economic, industrial, and financial news articles published between January 2019 and January 2026 and 1,486 synchronized daily observations of steel billet and sheet transactions. A fine-tuned ParsBERT model classified news as positive, negative, or neutral, and a daily sentiment index was calculated using source credibility, publication timing, and news intensity. Numerical variables included closing prices, trading volume, supply, demand, the informal exchange rate, the global iron ore price, and technical indicators. Random Forest, LSTM, XGBoost, ParsBERT-LSTM, and ParsBERT-XGBoost were compared using walk-forward validation. ParsBERT achieved a sentiment-classification accuracy of 89.4% and an F1 score of 0.887. Granger causality analysis showed that the two-business-day lag of news sentiment significantly predicted price returns, with F = 8.75 and p = 0.003. ParsBERT-XGBoost produced the best performance, with an RMSE of 710 and an MAE of 520 Iranian rials per kilogram. Compared with numerical XGBoost, the hybrid model reduced RMSE by 27.6%. It also achieved a directional accuracy of 72.6%, a win rate of 67.4%, a Sharpe ratio of 1.76, and a maximum drawdown of 9.2%. The informal exchange rate, news sentiment index, and global iron ore price were the most influential predictors. Integrating Persian news embeddings with fundamental, transactional, and technical variables through the ParsBERT-XGBoost architecture improved forecasting accuracy and risk-adjusted performance and may provide an effective decision-support and early-warning tool for the Iran Mercantile Exchange.","['Amin Jamali', 'Hamid Reza Jamali']",['journal-article'],journal-article,2027-01-01,2026-07-30,https://doi.org/10.61838/jafci.485,,"Accounting, Finance and Computational Intelligence","Amin Jamali, Hamid Reza Jamali",journal-article,1976,0,"Title: Design and Evaluation of a Hybrid Natural Language Processing and Machine Learning Model for Economic News Sentiment Analysis to Predict Price Fluctuations in the Iran Mercantile Exchange
Authors: Amin Jamali, Hamid Reza Jamali
Categories: journal-article
Published: 2027-01-01
Summary: This study aimed to design and evaluate a hybrid Persian natural language processing and machine learning model for extracting economic news sentiment and predicting steel price fluctuations in the Iran Mercantile Exchange. This applied-developmental study employed a descriptive-analytical design based on secondary textual and time-series data. The dataset included 45,836 economic, industrial, and financial news articles published between January 2019 and January 2026 and 1,486 synchronized daily observations of steel billet and sheet transactions. A fine-tuned ParsBERT model classified news as positive, negative, or neutral, and a daily sentiment index was calculated using source credibility, publication timing, and news intensity. Numerical variables included closing prices, trading volume, supply, demand, the informal exchange rate, the global iron ore price, and technical indicators. Random Forest, LSTM, XGBoost, ParsBERT-LSTM, and ParsBERT-XGBoost were compared using walk-forward validation. ParsBERT achieved a sentiment-classification accuracy of 89.4% and an F1 score of 0.887. Granger causality analysis showed that the two-business-day lag of news sentiment significantly predicted price returns, with F = 8.75 and p = 0.003. ParsBERT-XGBoost produced the best performance, with an RMSE of 710 and an MAE of 520 Iranian rials per kilogram. Compared with numerical XGBoost, the hybrid model reduced RMSE by 27.6%. It also achieved a directional accuracy of 72.6%, a win rate of 67.4%, a Sharpe ratio of 1.76, and a maximum drawdown of 9.2%. The informal exchange rate, news sentiment index, and global iron ore price were the most influential predictors. Integrating Persian news embeddings with fundamental, transactional, and technical variables through the ParsBERT-XGBoost architecture improved forecasting accuracy and risk-adjusted performance and may provide an effective decision-support and early-warning tool for the Iran Mercantile Exchange."
10.61838/jhrlp.213,A Three-Dimensional Analysis of the Role of Popular Resistance in Strengthening National Sovereignty in Light of Imami Jurisprudence and the International Legal Order: Proposing a Novel Conceptual Model,"This study aims to provide a three-dimensional analysis of the role of popular resistance in strengthening national sovereignty, with a focus on Imami jurisprudence, the domestic legal system of the Islamic Republic of Iran, and international law. The research methodology is descriptive–analytical and is based on documentary and library research. In the jurisprudential dimension, the foundations of the legitimacy of popular resistance are examined on the basis of Qur’anic verses, the conduct of the Infallibles (peace be upon them), and rational principles such as the obligation to avert harm and the principle of the reprehensibility of punishment without prior declaration. Defensive jihad, as an obligation of collective duty (wājib kifāʾī) even during the Occultation, occupies a central position in conferring legitimacy. In the domestic legal dimension, Articles 150 and 151 of the Constitution and the Law on the Basij of the Oppressed demonstrate that the individual jurisprudential duty has been integrated with a collective institutional mechanism. In the international dimension, capacities such as Article 51 of the Charter of the United Nations (the right of self-defense) and the right of peoples to self-determination, on the one hand, and constraints arising from the principle of the state’s monopoly over the use of coercive force and the requirements of international humanitarian law, on the other hand, are analyzed. The findings indicate that despite logical–normative differences among Imami jurisprudence (individual-oriented), domestic law (a hybrid individual–state-oriented system), and international law (state-oriented), it is possible to establish a linkage among these three domains. The proposed conceptual model of “general popular agency” explains this linkage by conceptualizing the delegation of defense by the people to the state as a general agent, while simultaneously emphasizing active popular participation and public oversight of the execution of the defensive duty. This model, while enjoying jurisprudential and political support at the domestic level, also possesses the capacity for legal defensibility within the framework of international law. In addition to its theoretical contribution, the present study has practical implications, including the enhancement of military deterrence, the strengthening of social cohesion, and the promotion of governmental legitimacy. The limitations of the study include the lack of quantitative data, the difficulty of aligning jurisprudential concepts with international law, and the challenges of comparative studies. Accordingly, it is recommended that future research pursue field-based approaches, the design of quantitative indicators, and the expansion of comparative analyses.","['Zeanab Musavisadat', 'Zahra Montazeri', 'Sara Rostami']",['journal-article'],journal-article,2027-01-01,2026-08-03,https://doi.org/10.61838/jhrlp.213,,"Journal of Historical Research, Law and Policy","Zeanab Musavisadat, Zahra Montazeri, Sara Rostami",journal-article,2775,0,"Title: A Three-Dimensional Analysis of the Role of Popular Resistance in Strengthening National Sovereignty in Light of Imami Jurisprudence and the International Legal Order: Proposing a Novel Conceptual Model
Authors: Zeanab Musavisadat, Zahra Montazeri, Sara Rostami
Categories: journal-article
Published: 2027-01-01
Summary: This study aims to provide a three-dimensional analysis of the role of popular resistance in strengthening national sovereignty, with a focus on Imami jurisprudence, the domestic legal system of the Islamic Republic of Iran, and international law. The research methodology is descriptive–analytical and is based on documentary and library research. In the jurisprudential dimension, the foundations of the legitimacy of popular resistance are examined on the basis of Qur’anic verses, the conduct of the Infallibles (peace be upon them), and rational principles such as the obligation to avert harm and the principle of the reprehensibility of punishment without prior declaration. Defensive jihad, as an obligation of collective duty (wājib kifāʾī) even during the Occultation, occupies a central position in conferring legitimacy. In the domestic legal dimension, Articles 150 and 151 of the Constitution and the Law on the Basij of the Oppressed demonstrate that the individual jurisprudential duty has been integrated with a collective institutional mechanism. In the international dimension, capacities such as Article 51 of the Charter of the United Nations (the right of self-defense) and the right of peoples to self-determination, on the one hand, and constraints arising from the principle of the state’s monopoly over the use of coercive force and the requirements of international humanitarian law, on the other hand, are analyzed. The findings indicate that despite logical–normative differences among Imami jurisprudence (individual-oriented), domestic law (a hybrid individual–state-oriented system), and international law (state-oriented), it is possible to establish a linkage among these three domains. The proposed conceptual model of “general popular agency” explains this linkage by conceptualizing the delegation of defense by the people to the state as a general agent, while simultaneously emphasizing active popular participation and public oversight of the execution of the defensive duty. This model, while enjoying jurisprudential and political support at the domestic level, also possesses the capacity for legal defensibility within the framework of international law. In addition to its theoretical contribution, the present study has practical implications, including the enhancement of military deterrence, the strengthening of social cohesion, and the promotion of governmental legitimacy. The limitations of the study include the lack of quantitative data, the difficulty of aligning jurisprudential concepts with international law, and the challenges of comparative studies. Accordingly, it is recommended that future research pursue field-based approaches, the design of quantitative indicators, and the expansion of comparative analyses."
10.61838/jhrlp.268,The Effects of Domestic Policies of Governments Before and After the Revolution in Alignment with the Command Economy Model,"This article examines the historical trajectory of state intervention in Iran’s economy from the Qajar period to the post-Islamic Revolution era within the framework of the command economy model and political economy analysis. The central objective is to evaluate how state-centered economic policies shaped institutional development, market structures, and economic performance across different political regimes. Using a descriptive–analytical method and library-based research, the study compares the economic roles of successive governments—including the Qajar state, the Pahlavi regimes, and post-revolutionary administrations—by analyzing patterns of ownership, regulation, development policy, and state–market relations. Findings indicate that despite major political transformations, continuity in directive economic governance remained a dominant feature of Iran’s economic structure. During the Qajar era, weak institutions, fiscal inefficiency, and patrimonial governance limited capital accumulation and economic modernization. The Pahlavi period introduced modernization and industrialization but strengthened centralized state control over markets and social groups. After the Revolution, ideological debates over property, justice, and economic management ultimately reinforced a large state presence, particularly under wartime conditions and rentier economic structures. Later reformist and liberalization efforts sought to rebalance relations between state and market but faced structural constraints, institutional weaknesses, and persistent monopolistic arrangements. The study concludes that economic underperformance in Iran is less a consequence of state presence itself than of inadequate institutional design, weak regulatory frameworks, and limited competitive environments. Sustainable development requires a developmental, law-based, and accountable state capable of fostering competitive markets, strengthening private-sector capacity, and reducing rent-seeking behavior through institutional reform.","['Shahram Mohammadi', 'Hasan Eivazzadeh', 'Malek Zolghadr']",['journal-article'],journal-article,2027-01-01,2026-08-03,https://doi.org/10.61838/jhrlp.268,,"Journal of Historical Research, Law and Policy","Shahram Mohammadi, Hasan Eivazzadeh, Malek Zolghadr",journal-article,2029,0,"Title: The Effects of Domestic Policies of Governments Before and After the Revolution in Alignment with the Command Economy Model
Authors: Shahram Mohammadi, Hasan Eivazzadeh, Malek Zolghadr
Categories: journal-article
Published: 2027-01-01
Summary: This article examines the historical trajectory of state intervention in Iran’s economy from the Qajar period to the post-Islamic Revolution era within the framework of the command economy model and political economy analysis. The central objective is to evaluate how state-centered economic policies shaped institutional development, market structures, and economic performance across different political regimes. Using a descriptive–analytical method and library-based research, the study compares the economic roles of successive governments—including the Qajar state, the Pahlavi regimes, and post-revolutionary administrations—by analyzing patterns of ownership, regulation, development policy, and state–market relations. Findings indicate that despite major political transformations, continuity in directive economic governance remained a dominant feature of Iran’s economic structure. During the Qajar era, weak institutions, fiscal inefficiency, and patrimonial governance limited capital accumulation and economic modernization. The Pahlavi period introduced modernization and industrialization but strengthened centralized state control over markets and social groups. After the Revolution, ideological debates over property, justice, and economic management ultimately reinforced a large state presence, particularly under wartime conditions and rentier economic structures. Later reformist and liberalization efforts sought to rebalance relations between state and market but faced structural constraints, institutional weaknesses, and persistent monopolistic arrangements. The study concludes that economic underperformance in Iran is less a consequence of state presence itself than of inadequate institutional design, weak regulatory frameworks, and limited competitive environments. Sustainable development requires a developmental, law-based, and accountable state capable of fostering competitive markets, strengthening private-sector capacity, and reducing rent-seeking behavior through institutional reform."
10.61838/jtesd.399,Designing a Vocational Education Management Model in the Marginalized Areas of Tehran,"The present study aimed to design a vocational education management model for the marginalized areas of Tehran by identifying its causal conditions, contextual factors, intervening conditions, strategies, and consequences. This applied-developmental study employed a qualitative methodology based on the grounded theory paradigm and an interpretive approach. The research population consisted of relevant policy documents and 20 experts, educational managers, and staff members working in marginalized areas of Tehran. Participants were selected through purposive sampling until theoretical saturation was achieved. Data were collected through semi-structured interviews and analyzed using MAXQDA software through open, axial, and selective coding procedures. The credibility of findings was ensured through expert review, data triangulation, and coding verification, while reliability was confirmed using the Holsti coefficient and trustworthiness criteria. The findings revealed that the vocational education management model comprises six major dimensions. Causal conditions included structural and multidimensional poverty, economic instability of families, dysfunction of formal education, educational inequality, and the disconnection between schools and the lived realities of marginalized communities. The core phenomenon was vocational education as an alternative pathway to academic success, rebuilding motivation, and fostering vocational identity. Contextual conditions encompassed school human capital, management style, socio-economic environment, and resource sustainability. Intervening conditions included credentialism, educational policy quality, institutional erosion of human resources, and implementation fragility. Key strategies consisted of social participation, human-centered management, program flexibility, localization of vocational training, and compensatory school interventions. The implementation of these strategies was associated with reduced dropout rates, increased motivation and hope, enhanced employability, decreased social harms, strengthened social capital, and the restoration of social trust. Vocational education management in marginalized areas represents more than an educational intervention; it functions as a social empowerment strategy that reconstructs the relationship between schools and local communities, promotes educational equity, strengthens social capital, and improves students’ future occupational and social opportunities.","['Fatemeh Rafiefar', 'Fereshteh Kordestani', 'Yalda Delgoshaei', 'Baharak Shirzadkebria']",['journal-article'],journal-article,2027-01-01,2026-07-16,https://doi.org/10.61838/jtesd.399,,"Training, Education, and Sustainable Development","Fatemeh Rafiefar, Fereshteh Kordestani, Yalda Delgoshaei, Baharak Shirzadkebria",journal-article,2488,0,"Title: Designing a Vocational Education Management Model in the Marginalized Areas of Tehran
Authors: Fatemeh Rafiefar, Fereshteh Kordestani, Yalda Delgoshaei, Baharak Shirzadkebria
Categories: journal-article
Published: 2027-01-01
Summary: The present study aimed to design a vocational education management model for the marginalized areas of Tehran by identifying its causal conditions, contextual factors, intervening conditions, strategies, and consequences. This applied-developmental study employed a qualitative methodology based on the grounded theory paradigm and an interpretive approach. The research population consisted of relevant policy documents and 20 experts, educational managers, and staff members working in marginalized areas of Tehran. Participants were selected through purposive sampling until theoretical saturation was achieved. Data were collected through semi-structured interviews and analyzed using MAXQDA software through open, axial, and selective coding procedures. The credibility of findings was ensured through expert review, data triangulation, and coding verification, while reliability was confirmed using the Holsti coefficient and trustworthiness criteria. The findings revealed that the vocational education management model comprises six major dimensions. Causal conditions included structural and multidimensional poverty, economic instability of families, dysfunction of formal education, educational inequality, and the disconnection between schools and the lived realities of marginalized communities. The core phenomenon was vocational education as an alternative pathway to academic success, rebuilding motivation, and fostering vocational identity. Contextual conditions encompassed school human capital, management style, socio-economic environment, and resource sustainability. Intervening conditions included credentialism, educational policy quality, institutional erosion of human resources, and implementation fragility. Key strategies consisted of social participation, human-centered management, program flexibility, localization of vocational training, and compensatory school interventions. The implementation of these strategies was associated with reduced dropout rates, increased motivation and hope, enhanced employability, decreased social harms, strengthened social capital, and the restoration of social trust. Vocational education management in marginalized areas represents more than an educational intervention; it functions as a social empowerment strategy that reconstructs the relationship between schools and local communities, promotes educational equity, strengthens social capital, and improves students’ future occupational and social opportunities."
10.61838/jtpll.381,Examining the Contexts of Personal Writing with Emphasis on the Two Collections Roozha and Roozha dar Rah,"Anything that a writer produces concerning their interests, beliefs, experiences, emotions, and the ups and downs of their life in various forms can be classified under the broad concept of personal writing. Due to its reliance on the author's “I,” it is regarded as one of the most significant subjects within lyric literature. The term personal writing may be considered the closest translation of the word autobiography. However, a key distinction between personal writing and autobiography lies in the broader scope of personal writing, which is not limited to biographical information. Rather, it encompasses a variety of genres and forms, ranging from a brief note to an extensive personal narrative. In contemporary Iranian literature, personal writing has undergone numerous transformations over the past century, sometimes under the influence of Western literature. It has appeared in diverse forms such as autobiographies, diaries, and letters. Nevertheless, the form and inclination toward personal writing during the last two decades have brought about a new revolution in this genre. This shift and growing tendency are rooted in the underlying contexts of personal writing as well as changes in the social and cultural norms of society. This study was conducted using a descriptive-analytical method. By examining the works of Mohammad-Ali Eslami Nodoushan and Shahrokh Meskoub, who are regarded as pioneers of personal writing in contemporary Persian literature, and focusing specifically on the two works Roozha and Roozha dar Rah as prominent examples of personal writing, three principal contexts were identified: experience, the desire for immortality, and healing. These three components not only provide the foundation for the composition of the selected works examined in this study but, due to their breadth, depth, and functionality, can also serve as a framework and contextual basis for any self-centered text.","['Akbar Shayanseresht', 'Negarsadat Masoumzadeh', 'Seyyed Mehdi Rahimi']",['journal-article'],journal-article,2027-01-01,2026-06-29,https://doi.org/10.61838/jtpll.381,,Treasury of Persian Language and Literature,"Akbar Shayanseresht, Negarsadat Masoumzadeh, Seyyed Mehdi Rahimi",journal-article,1936,0,"Title: Examining the Contexts of Personal Writing with Emphasis on the Two Collections Roozha and Roozha dar Rah
Authors: Akbar Shayanseresht, Negarsadat Masoumzadeh, Seyyed Mehdi Rahimi
Categories: journal-article
Published: 2027-01-01
Summary: Anything that a writer produces concerning their interests, beliefs, experiences, emotions, and the ups and downs of their life in various forms can be classified under the broad concept of personal writing. Due to its reliance on the author's “I,” it is regarded as one of the most significant subjects within lyric literature. The term personal writing may be considered the closest translation of the word autobiography. However, a key distinction between personal writing and autobiography lies in the broader scope of personal writing, which is not limited to biographical information. Rather, it encompasses a variety of genres and forms, ranging from a brief note to an extensive personal narrative. In contemporary Iranian literature, personal writing has undergone numerous transformations over the past century, sometimes under the influence of Western literature. It has appeared in diverse forms such as autobiographies, diaries, and letters. Nevertheless, the form and inclination toward personal writing during the last two decades have brought about a new revolution in this genre. This shift and growing tendency are rooted in the underlying contexts of personal writing as well as changes in the social and cultural norms of society. This study was conducted using a descriptive-analytical method. By examining the works of Mohammad-Ali Eslami Nodoushan and Shahrokh Meskoub, who are regarded as pioneers of personal writing in contemporary Persian literature, and focusing specifically on the two works Roozha and Roozha dar Rah as prominent examples of personal writing, three principal contexts were identified: experience, the desire for immortality, and healing. These three components not only provide the foundation for the composition of the selected works examined in this study but, due to their breadth, depth, and functionality, can also serve as a framework and contextual basis for any self-centered text."
10.61838/kman.ijes.1520,Validation of a Model for Improving the Quality of Islamic Education Courses in Iraqi Universities,"Purpose: The present study aimed to validate a multidimensional model for improving the quality of Islamic education courses in Iraqi universities. Methods and Materials: This quantitative study employed a descriptive, cross-sectional survey design. The statistical population consisted of 1,517 faculty members teaching Islamic education courses at Iraqi universities in 2025. Based on the Krejcie and Morgan sample-size table, 375 participants were selected through nonprobability convenience sampling. Data were collected using a researcher-developed questionnaire consisting of 37 items scored on a five-point Likert scale. The instrument was developed from the theoretical and empirical literature and covered faculty-related factors, the Islamic identity of the university, university policymaking, higher education macro-policymaking, and Islamic education curriculum factors. Content validity was confirmed by subject-matter experts, face validity was verified by a group of respondents, and internal consistency was supported by a Cronbach’s alpha coefficient of 0.812. Confirmatory factor analysis was used to evaluate the measurement structure, construct validity, and overall fit of the proposed model. Findings: Confirmatory factor analysis supported all five dimensions of the proposed model. Standardized factor loadings were 0.86 for faculty-related factors, 0.82 for the Islamic identity of the university, 0.80 for higher education macro-policymaking factors, 0.78 for university policymaking factors, and 0.74 for curriculum-related factors; all coefficients were statistically significant at p","['Ghalib Mhmood Mhawes', 'Narges Saeidian Khorasgani', 'Falah Salih Hussein', 'Badri Shahtalebi']",['journal-article'],journal-article,2027-01-01,2026-07-27,https://doi.org/10.61838/kman.ijes.1520,,‪Iranian Journal of Educational Sociology,"Ghalib Mhmood Mhawes, Narges Saeidian Khorasgani, Falah Salih Hussein, Badri Shahtalebi",journal-article,1613,0,"Title: Validation of a Model for Improving the Quality of Islamic Education Courses in Iraqi Universities
Authors: Ghalib Mhmood Mhawes, Narges Saeidian Khorasgani, Falah Salih Hussein, Badri Shahtalebi
Categories: journal-article
Published: 2027-01-01
Summary: Purpose: The present study aimed to validate a multidimensional model for improving the quality of Islamic education courses in Iraqi universities. Methods and Materials: This quantitative study employed a descriptive, cross-sectional survey design. The statistical population consisted of 1,517 faculty members teaching Islamic education courses at Iraqi universities in 2025. Based on the Krejcie and Morgan sample-size table, 375 participants were selected through nonprobability convenience sampling. Data were collected using a researcher-developed questionnaire consisting of 37 items scored on a five-point Likert scale. The instrument was developed from the theoretical and empirical literature and covered faculty-related factors, the Islamic identity of the university, university policymaking, higher education macro-policymaking, and Islamic education curriculum factors. Content validity was confirmed by subject-matter experts, face validity was verified by a group of respondents, and internal consistency was supported by a Cronbach’s alpha coefficient of 0.812. Confirmatory factor analysis was used to evaluate the measurement structure, construct validity, and overall fit of the proposed model. Findings: Confirmatory factor analysis supported all five dimensions of the proposed model. Standardized factor loadings were 0.86 for faculty-related factors, 0.82 for the Islamic identity of the university, 0.80 for higher education macro-policymaking factors, 0.78 for university policymaking factors, and 0.74 for curriculum-related factors; all coefficients were statistically significant at p"
10.61838/kman.jrmde.372,Designing a Crowdfunding Investment Marketing Model for Enhancing Sustainable Urban Revenues: A Case Study of Tehran Municipality,"This study aimed to design and validate a crowdfunding investment marketing model for enhancing sustainable urban revenues in Tehran Municipality, with emphasis on the role of innovation drivers. This applied study was conducted using a mixed-methods exploratory–confirmatory design. In the qualitative phase, the Delphi technique was used to identify and validate the main dimensions and indicators of the model based on the opinions of 15 experts in urban management, municipal finance, innovation, investment, and crowdfunding. In the quantitative phase, a structured questionnaire was administered to 250 managers and senior experts of Tehran Municipality who were involved in financial, investment, planning, innovation, and public participation domains. Data were analyzed using exploratory factor analysis, confirmatory factor analysis, reliability testing, and structural equation modeling through SPSS and SmartPLS/AMOS. Inferential findings confirmed the adequacy of the measurement model. The KMO values for innovation in urban management, crowdfunding investment marketing, and sustainable urban revenue were 0.874, 0.884, and 0.893, respectively, and Bartlett’s tests were significant at p","['Abolghasem Yousef Soltanieh', 'Mahmoud Ahmadi Sharif', 'Arezo Ahmadi Danyali', 'Nader Gharibnavaz']",['journal-article'],journal-article,2027-01-01,2026-07-30,https://doi.org/10.61838/kman.jrmde.372,,Journal of Resource Management and Decision Engineering,"Abolghasem Yousef Soltanieh, Mahmoud Ahmadi Sharif, Arezo Ahmadi Danyali, Nader Gharibnavaz",journal-article,1202,0,"Title: Designing a Crowdfunding Investment Marketing Model for Enhancing Sustainable Urban Revenues: A Case Study of Tehran Municipality
Authors: Abolghasem Yousef Soltanieh, Mahmoud Ahmadi Sharif, Arezo Ahmadi Danyali, Nader Gharibnavaz
Categories: journal-article
Published: 2027-01-01
Summary: This study aimed to design and validate a crowdfunding investment marketing model for enhancing sustainable urban revenues in Tehran Municipality, with emphasis on the role of innovation drivers. This applied study was conducted using a mixed-methods exploratory–confirmatory design. In the qualitative phase, the Delphi technique was used to identify and validate the main dimensions and indicators of the model based on the opinions of 15 experts in urban management, municipal finance, innovation, investment, and crowdfunding. In the quantitative phase, a structured questionnaire was administered to 250 managers and senior experts of Tehran Municipality who were involved in financial, investment, planning, innovation, and public participation domains. Data were analyzed using exploratory factor analysis, confirmatory factor analysis, reliability testing, and structural equation modeling through SPSS and SmartPLS/AMOS. Inferential findings confirmed the adequacy of the measurement model. The KMO values for innovation in urban management, crowdfunding investment marketing, and sustainable urban revenue were 0.874, 0.884, and 0.893, respectively, and Bartlett’s tests were significant at p"
10.7256/2453-8922.2027.1.81187,"Chronological analysis of &#948;18O data from the NGRIP ice core (Greenland), characteristics of solar climate, and large-scale climatic events in the Northern Hemisphere during the Holocene","Data from the isotopic oxygen composition of Greenland ice cores form one of the foundations of isotopic geochronology and climate stratigraphy of the Neopleistocene and Holocene (Petite et al., 1999; Rasmussen et al., 2008, 2014; Cheng et al., 2019). There is a noted lack of correlation between &#948;18O of ice cores and changes in the characteristics of solar climate (the average absolute value of the correlation coefficient is 0.087). No significant correlation of &#948;18O of ice cores has been found between individual boreholes in Greenland. Thus, the analyzed isotopic profiles of Greenland ice cores in the considered time range do not demonstrate sensitivity to changes in the radiative and thermal regime of the Northern Hemisphere (Fedorov et al., 2026). The effects of isotopic fractionation found for the present time (Dansgaard et al., 1973) and the relationship of the isotopic oxygen composition of atmospheric precipitation with temperature are not preserved in the ice cores due to mass exchange processes in the glacier, active hydrodynamic conditions (layered movement, formation and closure of cracks), and ice diagenesis processes (Fedorov, 2025; Fedorov et al., 2026). In this regard, to determine the climatic informative value of the &#948;18O indicator on a Holocene scale, it seems relevant to chronologically compare the &#948;18O data of the NGRIP ice core (Greenland) with known climatic events in the Holocene. As a result of the conducted comparison, a graphical fixation of the isotopic oxygen composition of the NGRIP ice core during the active phase of the last deglaciation in Europe and North America was identified. At the same time, the isotopic composition of the NGRIP ice core lacks responses to large-scale Holocene events: the Medieval Warm Period (Little Optimum) and the Little Ice Age. There is also no manifestation in the dynamics of &#948;18O of the NGRIP ice core of extremes in summer intensity in the Northern Hemisphere in the cycle of climatic precession, which defines the main dispersion in centennial variations of incoming solar radiation—the primary source of heat on Earth. Therefore, the assertion that the &#948;18O indicator can serve as a basis for geochronology and climate stratigraphy and as a paleothermometer does not appear convincing, as it is based solely on graphical synchronization with one of the three discussed large-scale events.","['Valerii Mikhailovich Fedorov', 'Denis Maksimovich Frolov', 'Alim Mikhailovich Zalikhanov']",['journal-article'],journal-article,2027-01-01,2026-07-20,https://doi.org/10.7256/2453-8922.2027.1.81187,,Арктика и Антарктика,"Valerii Mikhailovich Fedorov, Denis Maksimovich Frolov, Alim Mikhailovich Zalikhanov",journal-article,2414,0,"Title: Chronological analysis of &#948;18O data from the NGRIP ice core (Greenland), characteristics of solar climate, and large-scale climatic events in the Northern Hemisphere during the Holocene
Authors: Valerii Mikhailovich Fedorov, Denis Maksimovich Frolov, Alim Mikhailovich Zalikhanov
Categories: journal-article
Published: 2027-01-01
Summary: Data from the isotopic oxygen composition of Greenland ice cores form one of the foundations of isotopic geochronology and climate stratigraphy of the Neopleistocene and Holocene (Petite et al., 1999; Rasmussen et al., 2008, 2014; Cheng et al., 2019). There is a noted lack of correlation between &#948;18O of ice cores and changes in the characteristics of solar climate (the average absolute value of the correlation coefficient is 0.087). No significant correlation of &#948;18O of ice cores has been found between individual boreholes in Greenland. Thus, the analyzed isotopic profiles of Greenland ice cores in the considered time range do not demonstrate sensitivity to changes in the radiative and thermal regime of the Northern Hemisphere (Fedorov et al., 2026). The effects of isotopic fractionation found for the present time (Dansgaard et al., 1973) and the relationship of the isotopic oxygen composition of atmospheric precipitation with temperature are not preserved in the ice cores due to mass exchange processes in the glacier, active hydrodynamic conditions (layered movement, formation and closure of cracks), and ice diagenesis processes (Fedorov, 2025; Fedorov et al., 2026). In this regard, to determine the climatic informative value of the &#948;18O indicator on a Holocene scale, it seems relevant to chronologically compare the &#948;18O data of the NGRIP ice core (Greenland) with known climatic events in the Holocene. As a result of the conducted comparison, a graphical fixation of the isotopic oxygen composition of the NGRIP ice core during the active phase of the last deglaciation in Europe and North America was identified. At the same time, the isotopic composition of the NGRIP ice core lacks responses to large-scale Holocene events: the Medieval Warm Period (Little Optimum) and the Little Ice Age. There is also no manifestation in the dynamics of &#948;18O of the NGRIP ice core of extremes in summer intensity in the Northern Hemisphere in the cycle of climatic precession, which defines the main dispersion in centennial variations of incoming solar radiation—the primary source of heat on Earth. Therefore, the assertion that the &#948;18O indicator can serve as a basis for geochronology and climate stratigraphy and as a paleothermometer does not appear convincing, as it is based solely on graphical synchronization with one of the three discussed large-scale events."
10.15294/jvce.v11i2.45302,Implementation of a Deep Learning Approach with the Project Based Learning Model in the Element of Fashion Style and Design Development,"This study aims to examine the effects, improvements, and differences in the skills and work attitudes of students through the integration of a Deep Learning approach with the Project Based Learning PjBL model in the Style and Design Development element of the Fashion Design and Production subject at vocational high schools. The study employed a quasi-experimental method with a pretest posttest non-equivalent control group design. The participants consisted of 41 eleventh grade students from the Fashion Design Program at SMK Widya Praja Ungaran, including 21 students in the control class that implemented conventional PjBL and 20 students in the experimental class that implemented PjBL integrated with the Deep Learning approach. The research instruments consisted of a skills assessment rubric and a work attitude scale that had been validated by six experts using the Percentage of Agreement test. Data were analyzed using the N Gain test and the Independent Sample t Test. The findings indicate that the N Gain value of skills in the experimental class reached 65.4%, which falls within the moderate category and is higher than the control class with 53% in the less effective category. The N Gain value of work attitude in the experimental class reached 92% in the effective category, while the control class obtained 72% in the fairly effective category. The results of the t test show significant differences in skills t = 13.175, p = 0.000","['Umi Chasanah Turosidah', 'Yeri Sutopo', 'Sri Endah Wahyuningsih', 'Ade Novi Nurul Ihsani']",['journal-article'],journal-article,2026-12-31,2026-03-08,https://doi.org/10.15294/jvce.v11i2.45302,https://journal.unnes.ac.id/journals/jvce/article/download/45302/8667,Journal of Vocational and Career Education,"Umi Chasanah Turosidah, Yeri Sutopo, Sri Endah Wahyuningsih, Ade Novi Nurul Ihsani",journal-article,1454,0,"Title: Implementation of a Deep Learning Approach with the Project Based Learning Model in the Element of Fashion Style and Design Development
Authors: Umi Chasanah Turosidah, Yeri Sutopo, Sri Endah Wahyuningsih, Ade Novi Nurul Ihsani
Categories: journal-article
Published: 2026-12-31
Summary: This study aims to examine the effects, improvements, and differences in the skills and work attitudes of students through the integration of a Deep Learning approach with the Project Based Learning PjBL model in the Style and Design Development element of the Fashion Design and Production subject at vocational high schools. The study employed a quasi-experimental method with a pretest posttest non-equivalent control group design. The participants consisted of 41 eleventh grade students from the Fashion Design Program at SMK Widya Praja Ungaran, including 21 students in the control class that implemented conventional PjBL and 20 students in the experimental class that implemented PjBL integrated with the Deep Learning approach. The research instruments consisted of a skills assessment rubric and a work attitude scale that had been validated by six experts using the Percentage of Agreement test. Data were analyzed using the N Gain test and the Independent Sample t Test. The findings indicate that the N Gain value of skills in the experimental class reached 65.4%, which falls within the moderate category and is higher than the control class with 53% in the less effective category. The N Gain value of work attitude in the experimental class reached 92% in the effective category, while the control class obtained 72% in the fairly effective category. The results of the t test show significant differences in skills t = 13.175, p = 0.000"
10.21462/jeltl.v10i3.1648,Metacognitive Awareness of Young EFL Learners: A Case Study on Two Siblings,"This study aims to explore how two young EFL learners who are siblings demonstrate metacognitive awareness. A case study design was employed, incorporating interviews, observation checklists, and field notes to gather data. The participants were two young EFL learners studying in a private course. The older learner (FZ) is 12 years old and is a seventh-grade student, while the younger one (GV) is 10 years old and is in the fifth grade. Data was analyzed using thematic analysis. Results found that both students demonstrated metacognitive knowledge in declarative, procedural, and conditional types. In metacognitive regulation, the types that mainly occurred were monitoring, debugging, and evaluating. Findings declared that both participants demonstrated metacognitive awareness in EFL learning, including metacognitive knowledge (declarative, procedural, and conditional) and regulation (monitoring, debugging, and evaluation). Despite some shared patternsparticularly in metacognitive knowledgethe older learner showed more structured, reasonable, and consistent patterns in the overall awareness, while the younger learner showed more spontaneous and reactive patterns.","['Suci Mulyani', 'Istanti Hermagustiana', 'Syamdianita Syamdianita']",['journal-article'],journal-article,2026-12-31,2026-06-16,https://doi.org/10.21462/jeltl.v10i3.1648,https://jeltl.org/index.php/jeltl/article/viewFile/1648/pdf,Journal of English Language Teaching and Linguistics,"Suci Mulyani, Istanti Hermagustiana, Syamdianita Syamdianita",journal-article,1181,0,"Title: Metacognitive Awareness of Young EFL Learners: A Case Study on Two Siblings
Authors: Suci Mulyani, Istanti Hermagustiana, Syamdianita Syamdianita
Categories: journal-article
Published: 2026-12-31
Summary: This study aims to explore how two young EFL learners who are siblings demonstrate metacognitive awareness. A case study design was employed, incorporating interviews, observation checklists, and field notes to gather data. The participants were two young EFL learners studying in a private course. The older learner (FZ) is 12 years old and is a seventh-grade student, while the younger one (GV) is 10 years old and is in the fifth grade. Data was analyzed using thematic analysis. Results found that both students demonstrated metacognitive knowledge in declarative, procedural, and conditional types. In metacognitive regulation, the types that mainly occurred were monitoring, debugging, and evaluating. Findings declared that both participants demonstrated metacognitive awareness in EFL learning, including metacognitive knowledge (declarative, procedural, and conditional) and regulation (monitoring, debugging, and evaluation). Despite some shared patternsparticularly in metacognitive knowledgethe older learner showed more structured, reasonable, and consistent patterns in the overall awareness, while the younger learner showed more spontaneous and reactive patterns."
10.30656/1intech.v11i2.11359,The Influence of Servqual and Technology Acceptance Model on Maxim Customer Satisfaction,"The increasingly advanced and modern social and cultural development of society has led many people to prefer instant and practical things, such as online transportation. Digital technology has changed people's consumption patterns, including in the transportation industry. This study aims to analyze the influence of SERVQUAL and the Technology Acceptance Model (TAM) on maximizing customer satisfaction. The research employed a quantitative approach, distributing questionnaires to 400 respondents who were Maxim app users. Data analysis was performed using SPSS version 25, including validity and reliability tests, as well as multiple linear regression and path analysis. The results showed that Service Quality, Perceived Usefulness, and Perceived Ease of Use had a significant effect on Customer Satisfaction. Furthermore, Customer Satisfaction also significantly influences the intention to use. Directly, Perceived Usefulness and Service Quality were found to significantly influence Behavior intention to use, while perceived ease of use only significantly influenced behavior intention to use when mediated by customer satisfaction. These findings highlight the significance of service quality, perceived usefulness, and perceived ease of use in fostering customer satisfaction and loyalty among Maxim users.","['Achmad Fazi Alam', 'Dhany Isnaeni Dharmawan']",['journal-article'],journal-article,2026-12-31,2026-02-05,https://doi.org/10.30656/1intech.v11i2.11359,https://e-jurnal.lppmunsera.org/index.php/INTECH/article/download/11359/3832,Jurnal INTECH Teknik Industri Universitas Serang Raya,"Achmad Fazi Alam, Dhany Isnaeni Dharmawan",journal-article,1319,0,"Title: The Influence of Servqual and Technology Acceptance Model on Maxim Customer Satisfaction
Authors: Achmad Fazi Alam, Dhany Isnaeni Dharmawan
Categories: journal-article
Published: 2026-12-31
Summary: The increasingly advanced and modern social and cultural development of society has led many people to prefer instant and practical things, such as online transportation. Digital technology has changed people's consumption patterns, including in the transportation industry. This study aims to analyze the influence of SERVQUAL and the Technology Acceptance Model (TAM) on maximizing customer satisfaction. The research employed a quantitative approach, distributing questionnaires to 400 respondents who were Maxim app users. Data analysis was performed using SPSS version 25, including validity and reliability tests, as well as multiple linear regression and path analysis. The results showed that Service Quality, Perceived Usefulness, and Perceived Ease of Use had a significant effect on Customer Satisfaction. Furthermore, Customer Satisfaction also significantly influences the intention to use. Directly, Perceived Usefulness and Service Quality were found to significantly influence Behavior intention to use, while perceived ease of use only significantly influenced behavior intention to use when mediated by customer satisfaction. These findings highlight the significance of service quality, perceived usefulness, and perceived ease of use in fostering customer satisfaction and loyalty among Maxim users."
10.5559/di.di.34.4.01,How do Ethical Leaders Promote Employees' Feedback-Seeking Behaviours? A Serial Mediation Model,"This study explores how ethical leadership fosters employees' feedback-seeking behaviours. Drawing on Self-Determination Theory, the research identifies intrinsic motivation and affective commitment as key mediators through which ethical leaders encourage proactive feedback-seeking. The findings reveal that ethical leadership positively influences employees' intrinsic motivation and affective commitment to the organisation, which in turn enhances their tendency to feedback – an essential behaviour in dynamic and quality-sensitive work environments such as manufacturing. To empirically test this model, a crosssectional survey was conducted among 422 employees at a large manufacturing plant in Manisa, Türkiye. The results support a serial mediation model, confirming that ethical leadership indirectly promotes feedback-seeking behaviours through increased intrinsic motivation and affective commitment.","['Wasim Ul Rehman', 'Mustafa Bekmezci', 'Lütfi Sürücü', 'Kamran Ali', 'Anam Mustansar']",['journal-article'],journal-article,2026-12-31,2026-02-28,https://doi.org/10.5559/di.di.34.4.01,,Drustvena istrazivanja,"Wasim Ul Rehman, Mustafa Bekmezci, Lütfi Sürücü, Kamran Ali, Anam Mustansar",journal-article,911,0,"Title: How do Ethical Leaders Promote Employees' Feedback-Seeking Behaviours? A Serial Mediation Model
Authors: Wasim Ul Rehman, Mustafa Bekmezci, Lütfi Sürücü, Kamran Ali, Anam Mustansar
Categories: journal-article
Published: 2026-12-31
Summary: This study explores how ethical leadership fosters employees' feedback-seeking behaviours. Drawing on Self-Determination Theory, the research identifies intrinsic motivation and affective commitment as key mediators through which ethical leaders encourage proactive feedback-seeking. The findings reveal that ethical leadership positively influences employees' intrinsic motivation and affective commitment to the organisation, which in turn enhances their tendency to feedback – an essential behaviour in dynamic and quality-sensitive work environments such as manufacturing. To empirically test this model, a crosssectional survey was conducted among 422 employees at a large manufacturing plant in Manisa, Türkiye. The results support a serial mediation model, confirming that ethical leadership indirectly promotes feedback-seeking behaviours through increased intrinsic motivation and affective commitment."
